Dry;18;20;Dry;Black;Cold;FL;26.5;1
Dry;18;20;Dry;Black;Cold;FR;26.1;3
Dry;18;20;Dry;Black;Cold;RL;26.4;1
Dry;18;20;Dry;Black;Cold;RR;26.1;2
Dry;18;20;Dry;Black;Hot;FL;27.3;1
Dry;18;20;Dry;Black;Hot;FR;27.6;1
Dry;18;20;Dry;Black;Hot;RL;27.4;1
Dry;18;20;Dry;Black;Hot;RR;27.6;2
Dry;18;20;Dry;Black;Cold;FL;26.4;1
Dry;18;20;Dry;Black;Cold;RL;26.3;2
Dry;18;20;Dry;Black;Hot;FL;27.4;1
Dry;18;20;Dry;Black;Hot;FR;27.7;2
Dry;18;20;Dry;Black;Hot;RL;27.5;2
Dry;18;20;Dry;Black;Cold;FL;26.1;1
Dry;18;20;Dry;Black;Cold;RR;26.3;1
Dry;18;20;Dry;Black;Hot;FL;27.5;1
Dry;18;20;Dry;Black;Hot;RR;27.5;1
Dry;17;19;Dry;Black;Cold;FL;0.0;3
Dry;17;19;Dry;Black;Cold;FR;0.0;3
Dry;17;19;Dry;Black;Cold;RL;0.0;3
Dry;17;19;Dry;Black;Cold;RR;0.0;3
Dry;17;19;Dry;Black;Hot;FL;26.4;1
Dry;17;19;Dry;Black;Hot;FR;27.1;1
Dry;17;19;Dry;Black;Hot;RL;26.7;1
Dry;17;19;Dry;Black;Hot;RR;27.3;1
Dry;17;19;Dry;Black;Hot;FL;26.9;2
Dry;17;19;Dry;Black;Hot;FR;27.4;1
Dry;17;19;Dry;Black;Hot;RL;27.3;4
Dry;17;19;Dry;Black;Hot;RR;27.8;1
Dry;17;19;Dry;Black;Hot;FL;27.0;2
Dry;17;19;Dry;Black;Hot;FR;27.3;1
Dry;17;19;Dry;Black;Hot;RR;27.7;1
Dry;17;19;Dry;Black;Cold;FL;26.8;1
Dry;17;19;Dry;Black;Cold;FR;26.5;1
Dry;17;19;Dry;Black;Cold;RL;26.6;1
Dry;17;19;Dry;Black;Cold;RR;26.1;2
Dry;17;19;Dry;Black;Hot;FR;27.2;2
Dry;17;19;Dry;Black;Hot;RR;27.5;2
Dry;17;19;Dry;Black;Cold;FL;26.7;1
Dry;17;19;Dry;Black;Cold;FR;26.6;1
Dry;17;19;Dry;Black;Cold;RL;26.5;1
Dry;15;15;Wet;Black;Cold;FL;26.2;1
Dry;15;15;Wet;Black;Cold;FR;26.8;1
Dry;15;15;Wet;Black;Cold;RL;26.0;1
Dry;15;15;Wet;Black;Cold;RR;26.7;1
Dry;15;15;Wet;Black;Hot;FL;29.3;1
Dry;15;15;Wet;Black;Hot;FR;29.5;1
Dry;15;15;Wet;Black;Hot;RL;29.5;1
Dry;15;15;Wet;Black;Hot;RR;29.7;1
Dry;15;15;Wet;Black;Cold;FL;25.9;1
Dry;15;15;Wet;Black;Cold;FR;26.6;1
Dry;15;15;Wet;Black;Cold;RL;25.8;1
Dry;15;15;Wet;Black;Cold;RR;26.4;5
Dry;15;15;Wet;Black;Hot;FL;29.6;3
Dry;15;15;Wet;Black;Hot;FR;29.8;2
Dry;15;15;Wet;Black;Hot;RL;29.8;2
Dry;15;15;Wet;Black;Hot;RR;30.0;2
Dry;15;15;Wet;Black;Cold;FL;25.8;4
Dry;15;15;Wet;Black;Cold;FR;26.5;1
Dry;15;15;Wet;Black;Cold;RL;25.7;2
Dry;15;15;Wet;Black;Hot;FR;29.7;1
Dry;15;15;Wet;Black;Cold;FR;26.3;4
Dry;15;15;Wet;Black;Hot;FL;29.5;1
Dry;15;15;Wet;Black;Hot;RL;29.7;1
Dry;15;15;Wet;Black;Hot;RR;30.1;1
Dry;15;15;Wet;Black;Cold;RL;25.6;2
Dry;15;15;Wet;Black;Hot;FL;29.7;2
Dry;15;15;Wet;Black;Hot;FR;30.0;1
Dry;15;15;Wet;Black;Hot;RL;29.9;3
Dry;15;15;Wet;Black;Hot;RR;30.3;1
Dry;15;15;Wet;Black;Hot;FR;29.9;1
Dry;15;15;Wet;Black;Hot;RR;30.2;1
Dry;15;15;Wet;Black;Cold;FL;25.7;1
Dry;15;15;Wet;Black;Cold;RL;25.4;1
Dry;15;15;Wet;Black;Cold;RR;26.2;1
Dry;15;15;Wet;Black;Hot;FR;30.1;1
Dry;15;15;Wet;Black;Hot;RR;30.4;1
Dry;14;14;Wet;Black;Cold;FL;25.9;1
Dry;14;14;Wet;Black;Cold;FR;26.3;1
Dry;14;14;Wet;Black;Cold;RL;25.7;1
Dry;14;14;Wet;Black;Cold;RR;26.4;1
Dry;14;14;Wet;Black;Hot;FL;29.5;1
Dry;14;14;Wet;Black;Hot;FR;29.9;1
Dry;14;14;Wet;Black;Hot;RL;29.7;1
Dry;14;14;Wet;Black;Hot;RR;30.1;1
Dry;14;14;Wet;Black;Cold;FL;25.4;2
Dry;14;14;Wet;Black;Cold;FR;25.9;2
Dry;14;14;Wet;Black;Cold;RL;25.1;1
Dry;14;14;Wet;Black;Cold;RR;25.8;1
Dry;14;14;Wet;Black;Hot;FL;30.3;1
Dry;14;14;Wet;Black;Hot;FR;30.6;1
Dry;14;14;Wet;Black;Hot;RL;30.6;1
Dry;14;14;Wet;Black;Hot;RR;31.0;1
Dry;14;14;Wet;Black;Cold;RL;25.0;1
Dry;14;14;Wet;Black;Cold;RR;25.7;1
Dry;14;14;Wet;Black;Hot;FL;30.2;1
Dry;14;14;Wet;Black;Hot;FR;30.3;1
Dry;14;14;Wet;Black;Hot;RL;30.5;1
Dry;14;14;Wet;Black;Hot;RR;30.7;1
Dry;14;14;Wet;Black;Cold;FL;25.0;2
Dry;14;14;Wet;Black;Cold;FR;25.5;1
Dry;14;14;Wet;Black;Cold;RL;24.6;2
Dry;14;14;Wet;Black;Cold;RR;25.3;1
Dry;14;14;Wet;Black;Hot;FL;30.5;1
Dry;14;14;Wet;Black;Hot;FR;30.8;1
Dry;14;14;Wet;Black;Hot;RL;30.9;1
Dry;14;14;Wet;Black;Hot;RR;31.2;1
Dry;14;14;Wet;Black;Cold;FR;25.6;1
Dry;14;14;Wet;Black;Cold;RR;25.4;1
Dry;14;14;Wet;Black;Hot;FL;30.4;1
Dry;14;14;Wet;Black;Hot;FR;30.5;1
Dry;14;14;Wet;Black;Hot;RL;30.8;1
Dry;14;14;Wet;Black;Hot;RR;30.9;1
LightRain;14;14;Wet;Black;Cold;FL;24.9;1
LightRain;14;14;Wet;Black;Cold;FR;25.6;1
LightRain;14;14;Wet;Black;Cold;RL;24.5;1
LightRain;14;14;Wet;Black;Cold;RR;25.3;1
LightRain;14;14;Wet;Black;Hot;FL;30.6;1
LightRain;14;14;Wet;Black;Hot;FR;30.6;1
LightRain;14;14;Wet;Black;Hot;RL;30.9;1
LightRain;14;14;Wet;Black;Hot;RR;31.0;1
LightRain;14;14;Wet;Black;Cold;FL;25.4;1
LightRain;14;14;Wet;Black;Cold;FR;26.3;1
LightRain;14;14;Wet;Black;Cold;RL;25.1;1
LightRain;14;14;Wet;Black;Cold;RR;25.9;1
LightRain;14;14;Wet;Black;Hot;FL;29.5;1
LightRain;14;14;Wet;Black;Hot;FR;29.6;1
LightRain;14;14;Wet;Black;Hot;RL;29.9;1
LightRain;14;14;Wet;Black;Hot;RR;30.0;1
LightRain;14;14;Wet;Black;Cold;FL;26.0;1
LightRain;14;14;Wet;Black;Cold;FR;26.5;1
LightRain;14;14;Wet;Black;Cold;RL;25.4;1
LightRain;14;14;Wet;Black;Cold;RR;26.4;3
LightRain;14;14;Wet;Black;Hot;FL;29.0;1
LightRain;14;14;Wet;Black;Hot;FR;29.4;2
LightRain;14;14;Wet;Black;Hot;RL;29.4;1
LightRain;14;14;Wet;Black;Hot;RR;29.7;2
LightRain;14;14;Wet;Black;Cold;FL;26.1;2
LightRain;14;14;Wet;Black;Cold;FR;26.7;1
LightRain;14;14;Wet;Black;Cold;RL;25.7;2
LightRain;14;14;Wet;Black;Hot;FL;29.2;2
LightRain;14;14;Wet;Black;Hot;FR;29.3;1
LightRain;14;14;Wet;Black;Hot;RL;29.6;1
LightRain;14;14;Wet;Black;Cold;FR;26.8;1
LightRain;14;14;Wet;Black;Hot;RL;29.7;1
LightRain;14;14;Wet;Black;Hot;RR;29.8;1
LightRain;14;14;Wet;Black;Cold;FL;26.4;1
LightRain;14;14;Wet;Black;Cold;FR;27.1;1
LightRain;14;14;Wet;Black;Cold;RL;26.0;1
LightRain;14;14;Wet;Black;Cold;RR;26.9;1
LightRain;14;14;Wet;Black;Hot;FL;28.9;1
LightRain;14;14;Wet;Black;Hot;FR;28.9;1
LightRain;14;14;Wet;Black;Hot;RL;29.2;1
LightRain;14;14;Wet;Black;Hot;RR;29.2;1
LightRain;13;13;Wet;Black;Cold;FL;26.7;1
LightRain;13;13;Wet;Black;Cold;FR;27.3;1
LightRain;13;13;Wet;Black;Cold;RL;26.4;1
LightRain;13;13;Wet;Black;Cold;RR;27.3;1
LightRain;13;13;Wet;Black;Hot;FL;28.4;1
LightRain;13;13;Wet;Black;Hot;FR;28.6;1
LightRain;13;13;Wet;Black;Hot;RL;28.6;1
LightRain;13;13;Wet;Black;Hot;RR;28.8;1
LightRain;13;13;Wet;Black;Cold;FL;26.3;2
LightRain;13;13;Wet;Black;Cold;FR;26.8;6
LightRain;13;13;Wet;Black;Cold;RL;26.2;1
LightRain;13;13;Wet;Black;Cold;RR;26.8;4
LightRain;13;13;Wet;Black;Hot;FL;29.3;4
LightRain;13;13;Wet;Black;Hot;FR;29.6;2
LightRain;13;13;Wet;Black;Hot;RL;29.4;2
LightRain;13;13;Wet;Black;Hot;RR;29.8;3
LightRain;13;13;Wet;Black;Cold;FL;26.4;1
LightRain;13;13;Wet;Black;Cold;FR;26.9;1
LightRain;13;13;Wet;Black;Cold;RL;26.3;1
LightRain;13;13;Wet;Black;Cold;RR;26.9;1
LightRain;13;13;Wet;Black;Hot;FL;29.0;1
LightRain;13;13;Wet;Black;Hot;FR;29.3;3
LightRain;13;13;Wet;Black;Hot;RL;29.1;1
LightRain;13;13;Wet;Black;Hot;RR;29.5;1
LightRain;13;13;Wet;Black;Cold;FL;26.1;4
LightRain;13;13;Wet;Black;Cold;FR;26.7;2
LightRain;13;13;Wet;Black;Cold;RL;26.0;3
LightRain;13;13;Wet;Black;Cold;RR;26.7;1
LightRain;13;13;Wet;Black;Hot;FL;29.4;2
LightRain;13;13;Wet;Black;Hot;RL;29.6;5
LightRain;13;13;Wet;Black;Hot;RR;29.9;1
LightRain;13;13;Wet;Black;Cold;FL;26.2;4
LightRain;13;13;Wet;Black;Hot;FL;29.2;2
LightRain;13;13;Wet;Black;Hot;FR;29.4;3
LightRain;13;13;Wet;Black;Hot;RR;29.6;2
LightRain;13;13;Wet;Black;Cold;RL;25.9;3
LightRain;13;13;Wet;Black;Hot;FR;29.5;1
LightRain;13;13;Wet;Black;Hot;RR;29.7;2
LightRain;13;13;Wet;Black;Hot;FL;29.1;2
LightRain;13;13;Wet;Black;Hot;RL;29.3;1
LightRain;13;13;Wet;Black;Cold;FR;26.5;2
LightRain;13;13;Wet;Black;Cold;RL;25.7;2
LightRain;13;13;Wet;Black;Cold;RR;26.1;1
LightRain;13;13;Wet;Black;Hot;FR;29.8;1
LightRain;13;13;Wet;Black;Hot;RL;30.0;1
LightRain;13;13;Wet;Black;Hot;RR;30.6;1
LightRain;13;13;Wet;Black;Cold;RR;26.4;5
LightRain;13;13;Wet;Black;Hot;RL;29.5;1
LightRain;13;13;Wet;Black;Cold;RL;25.8;2
LightRain;13;13;Wet;Black;Cold;RR;26.6;1
LightRain;13;13;Wet;Black;Cold;FR;26.6;2
LightRain;13;13;Wet;Black;Hot;FR;29.7;3
LightRain;13;13;Wet;Black;Hot;RR;30.1;3
LightRain;13;13;Wet;Black;Cold;FL;26.0;1
LightRain;13;13;Wet;Black;Hot;FL;29.5;2
LightRain;13;13;Wet;Black;Hot;RL;29.8;2
LightRain;13;13;Wet;Black;Cold;FL;25.9;1
LightRain;13;13;Wet;Black;Cold;RL;25.6;1
Dry;13;13;Wet;Black;Cold;FL;25.8;1
Dry;13;13;Wet;Black;Cold;FR;26.3;3
Dry;13;13;Wet;Black;Cold;RL;25.4;1
Dry;13;13;Wet;Black;Cold;RR;26.1;2
Dry;13;13;Wet;Black;Hot;FL;29.7;1
Dry;13;13;Wet;Black;Hot;FR;30.0;2
Dry;13;13;Wet;Black;Hot;RL;30.1;1
Dry;13;13;Wet;Black;Hot;RR;30.4;2
Dry;13;13;Wet;Black;Cold;FL;25.4;3
Dry;13;13;Wet;Black;Cold;RL;25.0;2
Dry;13;13;Wet;Black;Hot;FL;30.3;1
Dry;13;13;Wet;Black;Hot;RL;30.7;1
Dry;13;13;Wet;Black;Cold;FR;26.0;1
Dry;13;13;Wet;Black;Cold;RL;24.9;1
Dry;13;13;Wet;Black;Cold;RR;25.8;1
Dry;13;13;Wet;Black;Hot;FL;30.2;1
Dry;13;13;Wet;Black;Hot;FR;30.4;1
Dry;13;13;Wet;Black;Hot;RL;30.6;1
Dry;13;13;Wet;Black;Hot;RR;30.8;1
Dry;13;13;Wet;Black;Cold;RR;25.9;1
Dry;13;13;Wet;Black;Hot;FL;29.9;1
Dry;13;13;Wet;Black;Hot;FR;30.1;1
Dry;13;13;Wet;Black;Hot;RL;30.2;1
Dry;13;13;Wet;Black;Hot;RR;30.5;1
Dry;13;13;Wet;Black;Cold;FL;25.1;1
Dry;13;13;Wet;Black;Cold;FR;25.8;2
Dry;13;13;Wet;Black;Cold;RL;24.7;1
Dry;13;13;Wet;Black;Cold;RR;25.4;2
Dry;13;13;Wet;Black;Hot;FL;30.4;1
Dry;13;13;Wet;Black;Hot;FR;30.8;1
Dry;13;13;Wet;Black;Hot;RL;30.9;1
Dry;13;13;Wet;Black;Hot;RR;31.3;1
Dry;13;13;Wet;Black;Cold;FL;25.0;1
Dry;13;13;Wet;Black;Cold;RL;24.6;1
Dry;13;13;Wet;Black;Hot;FL;30.5;1
Dry;13;13;Wet;Black;Hot;FR;30.6;1
Dry;13;13;Wet;Black;Hot;RL;31.0;1
Dry;13;13;Wet;Black;Hot;RR;31.1;1
Dry;13;13;Wet;Black;Cold;FL;24.5;1
Dry;13;13;Wet;Black;Cold;FR;25.4;1
Dry;13;13;Wet;Black;Cold;RL;24.0;2
Dry;13;13;Wet;Black;Cold;RR;24.9;1
Dry;13;13;Wet;Black;Hot;FL;31.2;1
Dry;13;13;Wet;Black;Hot;FR;31.2;1
Dry;13;13;Wet;Black;Hot;RL;31.8;3
Dry;13;13;Wet;Black;Hot;RR;31.8;1
Dry;13;13;Wet;Black;Cold;FL;24.6;1
Dry;13;13;Wet;Black;Cold;FR;25.3;1
Dry;13;13;Wet;Black;Cold;RR;24.8;1
Dry;13;13;Wet;Black;Hot;FL;30.8;1
Dry;13;13;Wet;Black;Hot;FR;31.1;1
Dry;13;13;Wet;Black;Hot;RL;31.4;1
Dry;13;13;Wet;Black;Hot;RR;31.7;1
Dry;13;13;Wet;Black;Cold;FL;24.3;1
Dry;13;13;Wet;Black;Cold;FR;25.0;1
Dry;13;13;Wet;Black;Cold;RL;23.8;1
Dry;13;13;Wet;Black;Cold;RR;24.5;1
Dry;13;13;Wet;Black;Hot;FL;31.1;2
Dry;13;13;Wet;Black;Hot;FR;31.5;1
Dry;13;13;Wet;Black;Hot;RR;32.2;1
Dry;13;13;Wet;Black;Cold;FL;23.8;1
Dry;13;13;Wet;Black;Cold;FR;24.6;2
Dry;13;13;Wet;Black;Cold;RL;23.1;1
Dry;13;13;Wet;Black;Cold;RR;24.1;2
Dry;13;13;Wet;Black;Hot;FL;31.9;1
Dry;13;13;Wet;Black;Hot;FR;31.9;1
Dry;13;13;Wet;Black;Hot;RL;32.6;1
Dry;13;13;Wet;Black;Hot;RR;32.6;1
Dry;13;13;Wet;Black;Cold;FL;24.1;1
Dry;13;13;Wet;Black;Cold;RL;23.5;1
Dry;13;13;Wet;Black;Hot;FR;31.7;1
Dry;13;13;Wet;Black;Hot;RR;32.4;1
Dry;13;13;Wet;Black;Cold;FL;23.9;1
Dry;13;13;Wet;Black;Cold;FR;24.4;1
Dry;13;13;Wet;Black;Cold;RL;23.3;1
Dry;13;13;Wet;Black;Cold;RR;23.9;1
Dry;13;13;Wet;Black;Hot;FL;31.5;1
Dry;13;13;Wet;Black;Hot;FR;32.0;1
Dry;13;13;Wet;Black;Hot;RL;32.0;1
Dry;13;13;Wet;Black;Hot;RR;32.5;1
